"",Min.,1st Qu.,Median,Mean,3rd Qu.,Max.
plasmablast,0.000701396416501945,0.00147409561777083,0.00200316773275543,0.00316397717392711,0.00495173147085133,0.00776153216840427
nonplasmablast,0.992238467831596,0.995048268529149,0.997996832267244,0.996836022826073,0.998525904382229,0.999298603583498
nonplasmablast_unbinned,0.00104920673611921,0.0156343035822047,0.0360235133308556,0.0623022514266296,0.0887613718121886,0.275501917205506
